{
    "Ar36": {
        "error": 0.0008177134452150327, 
        "filter_outliers_dict": {
            "filter_outliers": true, 
            "iterations": 1, 
            "std_devs": 2
        }, 
        "fit": "Parabolic", 
        "value": 0.1894822497699114
    }, 
    "Ar37": {
        "error": 0.004929415874322395, 
        "filter_outliers_dict": {
            "filter_outliers": true, 
            "iterations": 1, 
            "std_devs": 2
        }, 
        "fit": "linear", 
        "value": 0.043551703335985584
    }, 
    "Ar38": {
        "error": 0.0023388165732820525, 
        "filter_outliers_dict": {
            "filter_outliers": true, 
            "iterations": 1, 
            "std_devs": 2
        }, 
        "fit": "linear", 
        "value": 0.057151446529481856
    }, 
    "Ar39": {
        "error": 0.00875154898723157, 
        "filter_outliers_dict": {
            "filter_outliers": true, 
            "iterations": 1, 
            "std_devs": 2
        }, 
        "fit": "Parabolic", 
        "value": 3.4116645752945387
    }, 
    "Ar40": {
        "error": 0.01124557687487962, 
        "filter_outliers_dict": {
            "filter_outliers": true, 
            "iterations": 1, 
            "std_devs": 2
        }, 
        "fit": "Parabolic", 
        "value": 58.58025977200482
    }, 
    "Ar41": {
        "error": 0.011434365143027626, 
        "filter_outliers_dict": {
            "filter_outliers": true, 
            "iterations": 1, 
            "std_devs": 2
        }, 
        "fit": "linear", 
        "value": -0.1268739146861802
    }
}