{
    "Ar36": {
        "error": 0.00024978283214111035, 
        "filter_outliers_dict": {
            "filter_outliers": true, 
            "iterations": 1, 
            "std_devs": 2
        }, 
        "fit": "Parabolic", 
        "value": 0.014032909683303948
    }, 
    "Ar37": {
        "error": 0.004838690916502956, 
        "filter_outliers_dict": {
            "filter_outliers": true, 
            "iterations": 1, 
            "std_devs": 2
        }, 
        "fit": "linear", 
        "value": 0.05875066070726935
    }, 
    "Ar38": {
        "error": 0.002324823715289545, 
        "filter_outliers_dict": {
            "filter_outliers": true, 
            "iterations": 1, 
            "std_devs": 2
        }, 
        "fit": "linear", 
        "value": 0.047456304367936436
    }, 
    "Ar39": {
        "error": 0.009479121780486259, 
        "filter_outliers_dict": {
            "filter_outliers": true, 
            "iterations": 1, 
            "std_devs": 2
        }, 
        "fit": "Parabolic", 
        "value": 4.664265510075708
    }, 
    "Ar40": {
        "error": 0.012257032084101544, 
        "filter_outliers_dict": {
            "filter_outliers": true, 
            "iterations": 1, 
            "std_devs": 2
        }, 
        "fit": "Parabolic", 
        "value": 63.71377357563869
    }, 
    "Ar41": {
        "error": 0.0035634948371466493, 
        "filter_outliers_dict": {
            "filter_outliers": true, 
            "iterations": 1, 
            "std_devs": 2
        }, 
        "fit": "linear", 
        "value": -0.07531918536905582
    }
}