{
    "Ar36": {
        "error": 0.00017495123578076905, 
        "filter_outliers_dict": {
            "filter_outliers": true, 
            "iterations": 1, 
            "std_devs": 2
        }, 
        "fit": "Parabolic", 
        "value": 0.004881729767036838
    }, 
    "Ar37": {
        "error": 0.004685182872028572, 
        "filter_outliers_dict": {
            "filter_outliers": true, 
            "iterations": 1, 
            "std_devs": 2
        }, 
        "fit": "linear", 
        "value": 0.06099486338767742
    }, 
    "Ar38": {
        "error": 0.002009203393104466, 
        "filter_outliers_dict": {
            "filter_outliers": true, 
            "iterations": 1, 
            "std_devs": 2
        }, 
        "fit": "linear", 
        "value": 0.06345372694019383
    }, 
    "Ar39": {
        "error": 0.00988782983441056, 
        "filter_outliers_dict": {
            "filter_outliers": true, 
            "iterations": 1, 
            "std_devs": 2
        }, 
        "fit": "Parabolic", 
        "value": 6.495387789564947
    }, 
    "Ar40": {
        "error": 0.01217319899741962, 
        "filter_outliers_dict": {
            "filter_outliers": true, 
            "iterations": 1, 
            "std_devs": 2
        }, 
        "fit": "Parabolic", 
        "value": 86.04408269838179
    }, 
    "Ar41": {
        "error": 0.003964418053583505, 
        "filter_outliers_dict": {
            "filter_outliers": true, 
            "iterations": 1, 
            "std_devs": 2
        }, 
        "fit": "linear", 
        "value": -0.06924888230552886
    }
}