{
    "Ar36": {
        "error": 0.00019013122408291386, 
        "filter_outliers_dict": {
            "filter_outliers": true, 
            "iterations": 1, 
            "std_devs": 2
        }, 
        "fit": "Parabolic", 
        "value": 0.005696372212355805
    }, 
    "Ar37": {
        "error": 0.005001545015479283, 
        "filter_outliers_dict": {
            "filter_outliers": true, 
            "iterations": 1, 
            "std_devs": 2
        }, 
        "fit": "linear", 
        "value": 0.05381116414022
    }, 
    "Ar38": {
        "error": 0.0023788229955758458, 
        "filter_outliers_dict": {
            "filter_outliers": true, 
            "iterations": 1, 
            "std_devs": 2
        }, 
        "fit": "linear", 
        "value": 0.049242613511302886
    }, 
    "Ar39": {
        "error": 0.008712772836045114, 
        "filter_outliers_dict": {
            "filter_outliers": true, 
            "iterations": 1, 
            "std_devs": 2
        }, 
        "fit": "Parabolic", 
        "value": 5.5214549472479915
    }, 
    "Ar40": {
        "error": 0.012237945270876849, 
        "filter_outliers_dict": {
            "filter_outliers": true, 
            "iterations": 1, 
            "std_devs": 2
        }, 
        "fit": "Parabolic", 
        "value": 73.07334359467887
    }, 
    "Ar41": {
        "error": 0.0031229705377445027, 
        "filter_outliers_dict": {
            "filter_outliers": true, 
            "iterations": 1, 
            "std_devs": 2
        }, 
        "fit": "linear", 
        "value": -0.07532612823729358
    }
}