{
    "Ar36": {
        "error": 0.00019117772805108093, 
        "filter_outliers_dict": {
            "filter_outliers": true, 
            "iterations": 1, 
            "std_devs": 2
        }, 
        "fit": "Parabolic", 
        "value": 0.00689516232600295
    }, 
    "Ar37": {
        "error": 0.004689121435568503, 
        "filter_outliers_dict": {
            "filter_outliers": true, 
            "iterations": 1, 
            "std_devs": 2
        }, 
        "fit": "linear", 
        "value": 0.06999646482050438
    }, 
    "Ar38": {
        "error": 0.0019347920971538742, 
        "filter_outliers_dict": {
            "filter_outliers": true, 
            "iterations": 1, 
            "std_devs": 2
        }, 
        "fit": "linear", 
        "value": 0.032396613259829926
    }, 
    "Ar39": {
        "error": 0.009197133522403984, 
        "filter_outliers_dict": {
            "filter_outliers": true, 
            "iterations": 1, 
            "std_devs": 2
        }, 
        "fit": "Parabolic", 
        "value": 4.361895911056443
    }, 
    "Ar40": {
        "error": 0.012688249963265005, 
        "filter_outliers_dict": {
            "filter_outliers": true, 
            "iterations": 1, 
            "std_devs": 2
        }, 
        "fit": "Parabolic", 
        "value": 57.579809260927846
    }, 
    "Ar41": {
        "error": 0.003800660619939948, 
        "filter_outliers_dict": {
            "filter_outliers": true, 
            "iterations": 1, 
            "std_devs": 2
        }, 
        "fit": "linear", 
        "value": -0.07284718202816318
    }
}