{
    "Ar36": {
        "error": 0.0002170277811069136, 
        "filter_outliers_dict": {
            "filter_outliers": true, 
            "iterations": 1, 
            "std_devs": 2
        }, 
        "fit": "Linear", 
        "value": 0.0059182699437063035
    }, 
    "Ar37": {
        "error": 0.008688055139142158, 
        "filter_outliers_dict": {
            "filter_outliers": true, 
            "iterations": 1, 
            "std_devs": 2
        }, 
        "fit": "linear", 
        "value": 0.04589125143341648
    }, 
    "Ar38": {
        "error": 0.0047256519010099056, 
        "filter_outliers_dict": {
            "filter_outliers": true, 
            "iterations": 1, 
            "std_devs": 2
        }, 
        "fit": "linear", 
        "value": 0.007777289047879743
    }, 
    "Ar39": {
        "error": 0.012756023951581923, 
        "filter_outliers_dict": {
            "filter_outliers": true, 
            "iterations": 1, 
            "std_devs": 2
        }, 
        "fit": "Linear", 
        "value": 2.1366710977428798
    }, 
    "Ar40": {
        "error": 0.010336348478252766, 
        "filter_outliers_dict": {
            "filter_outliers": true, 
            "iterations": 1, 
            "std_devs": 2
        }, 
        "fit": "Linear", 
        "value": 3.042012725949286
    }, 
    "Ar41": {
        "error": 0.003316051416522427, 
        "filter_outliers_dict": {
            "filter_outliers": true, 
            "iterations": 1, 
            "std_devs": 2
        }, 
        "fit": "Average", 
        "value": -0.0712621075129923
    }
}