{
    "Ar36": {
        "error": 0.0002011820704556684, 
        "filter_outliers_dict": {
            "filter_outliers": true, 
            "iterations": 1, 
            "std_devs": 2
        }, 
        "fit": "Parabolic", 
        "value": 0.008522895499132106
    }, 
    "Ar37": {
        "error": 0.0049482951486904, 
        "filter_outliers_dict": {
            "filter_outliers": true, 
            "iterations": 1, 
            "std_devs": 2
        }, 
        "fit": "linear", 
        "value": 0.05917091442436218
    }, 
    "Ar38": {
        "error": 0.0021678418552988424, 
        "filter_outliers_dict": {
            "filter_outliers": true, 
            "iterations": 1, 
            "std_devs": 2
        }, 
        "fit": "linear", 
        "value": 0.029919402197755594
    }, 
    "Ar39": {
        "error": 0.00993786999012149, 
        "filter_outliers_dict": {
            "filter_outliers": true, 
            "iterations": 1, 
            "std_devs": 2
        }, 
        "fit": "Parabolic", 
        "value": 3.679418929812592
    }, 
    "Ar40": {
        "error": 0.008855240480728152, 
        "filter_outliers_dict": {
            "filter_outliers": true, 
            "iterations": 1, 
            "std_devs": 2
        }, 
        "fit": "Parabolic", 
        "value": 5.4458175412357
    }, 
    "Ar41": {
        "error": 0.0035424577757880798, 
        "filter_outliers_dict": {
            "filter_outliers": true, 
            "iterations": 1, 
            "std_devs": 2
        }, 
        "fit": "linear", 
        "value": -0.07156148601553543
    }
}