{
    "Ar36": {
        "error": 0.0015071061142424452, 
        "filter_outliers_dict": {
            "filter_outliers": true, 
            "iterations": 1, 
            "std_devs": 2
        }, 
        "fit": "Parabolic", 
        "value": 0.7380367246027206
    }, 
    "Ar37": {
        "error": 0.005011318343197122, 
        "filter_outliers_dict": {
            "filter_outliers": true, 
            "iterations": 1, 
            "std_devs": 2
        }, 
        "fit": "linear", 
        "value": 0.1300439334122429
    }, 
    "Ar38": {
        "error": 0.0022298468642884687, 
        "filter_outliers_dict": {
            "filter_outliers": true, 
            "iterations": 1, 
            "std_devs": 2
        }, 
        "fit": "linear", 
        "value": 0.3467037179669254
    }, 
    "Ar39": {
        "error": 0.010620235711309541, 
        "filter_outliers_dict": {
            "filter_outliers": true, 
            "iterations": 1, 
            "std_devs": 2
        }, 
        "fit": "Parabolic", 
        "value": 18.306802562510587
    }, 
    "Ar40": {
        "error": 0.01968916227323528, 
        "filter_outliers_dict": {
            "filter_outliers": true, 
            "iterations": 1, 
            "std_devs": 2
        }, 
        "fit": "Parabolic", 
        "value": 236.57952912973505
    }, 
    "Ar41": {
        "error": 0.003327978528810228, 
        "filter_outliers_dict": {
            "filter_outliers": true, 
            "iterations": 1, 
            "std_devs": 2
        }, 
        "fit": "linear", 
        "value": -0.07089032862423345
    }
}