{
    "Ar36": {
        "error": 0.00020495612077384883, 
        "filter_outliers_dict": {
            "filter_outliers": true, 
            "iterations": 1, 
            "std_devs": 2
        }, 
        "fit": "Linear", 
        "value": 0.0046818310683678765
    }, 
    "Ar37": {
        "error": 0.009684655420007113, 
        "filter_outliers_dict": {
            "filter_outliers": true, 
            "iterations": 1, 
            "std_devs": 2
        }, 
        "fit": "linear", 
        "value": 0.04096124043561589
    }, 
    "Ar38": {
        "error": 0.005076306073437277, 
        "filter_outliers_dict": {
            "filter_outliers": true, 
            "iterations": 1, 
            "std_devs": 2
        }, 
        "fit": "linear", 
        "value": -0.008401361818177525
    }, 
    "Ar39": {
        "error": 0.012399129478562613, 
        "filter_outliers_dict": {
            "filter_outliers": true, 
            "iterations": 1, 
            "std_devs": 2
        }, 
        "fit": "Linear", 
        "value": 0.4769519949292017
    }, 
    "Ar40": {
        "error": 0.008743229160328084, 
        "filter_outliers_dict": {
            "filter_outliers": true, 
            "iterations": 1, 
            "std_devs": 2
        }, 
        "fit": "Linear", 
        "value": 1.0581084480784932
    }, 
    "Ar41": {
        "error": 0.0035223470266894023, 
        "filter_outliers_dict": {
            "filter_outliers": true, 
            "iterations": 1, 
            "std_devs": 2
        }, 
        "fit": "Average", 
        "value": -0.07021517607026813
    }
}