{
    "Ar36": {
        "error": 0.0011362467590358988, 
        "filter_outliers_dict": {
            "filter_outliers": true, 
            "iterations": 1, 
            "std_devs": 2
        }, 
        "fit": "Parabolic", 
        "value": 0.4685338760506765
    }, 
    "Ar37": {
        "error": 0.0050223035930062965, 
        "filter_outliers_dict": {
            "filter_outliers": true, 
            "iterations": 1, 
            "std_devs": 2
        }, 
        "fit": "linear", 
        "value": 0.12929428911070595
    }, 
    "Ar38": {
        "error": 0.0024784937895374805, 
        "filter_outliers_dict": {
            "filter_outliers": true, 
            "iterations": 1, 
            "std_devs": 2
        }, 
        "fit": "linear", 
        "value": 0.31141159224961873
    }, 
    "Ar39": {
        "error": 0.010654261412571886, 
        "filter_outliers_dict": {
            "filter_outliers": true, 
            "iterations": 1, 
            "std_devs": 2
        }, 
        "fit": "Parabolic", 
        "value": 19.278013160270493
    }, 
    "Ar40": {
        "error": 0.018517115078326957, 
        "filter_outliers_dict": {
            "filter_outliers": true, 
            "iterations": 1, 
            "std_devs": 2
        }, 
        "fit": "Parabolic", 
        "value": 157.79088259148352
    }, 
    "Ar41": {
        "error": 0.004122119644349825, 
        "filter_outliers_dict": {
            "filter_outliers": true, 
            "iterations": 1, 
            "std_devs": 2
        }, 
        "fit": "linear", 
        "value": -0.06598304295329466
    }
}