{
    "Ar36": {
        "error": 0.0007965399382488057, 
        "filter_outliers_dict": {
            "filter_outliers": true, 
            "iterations": 1, 
            "std_devs": 2
        }, 
        "fit": "Parabolic", 
        "value": 0.1810933636958023
    }, 
    "Ar37": {
        "error": 0.00491381007802887, 
        "filter_outliers_dict": {
            "filter_outliers": true, 
            "iterations": 1, 
            "std_devs": 2
        }, 
        "fit": "linear", 
        "value": 0.05801658395951776
    }, 
    "Ar38": {
        "error": 0.0022171520483661657, 
        "filter_outliers_dict": {
            "filter_outliers": true, 
            "iterations": 1, 
            "std_devs": 2
        }, 
        "fit": "linear", 
        "value": 0.040775132435882
    }, 
    "Ar39": {
        "error": 0.009823526980387732, 
        "filter_outliers_dict": {
            "filter_outliers": true, 
            "iterations": 1, 
            "std_devs": 2
        }, 
        "fit": "Parabolic", 
        "value": 4.185735877808941
    }, 
    "Ar40": {
        "error": 0.011217724916114936, 
        "filter_outliers_dict": {
            "filter_outliers": true, 
            "iterations": 1, 
            "std_devs": 2
        }, 
        "fit": "Parabolic", 
        "value": 57.81514103330228
    }, 
    "Ar41": {
        "error": 0.01134697120444112, 
        "filter_outliers_dict": {
            "filter_outliers": true, 
            "iterations": 1, 
            "std_devs": 2
        }, 
        "fit": "linear", 
        "value": -0.1603490256653303
    }
}