{
    "Ar36": {
        "error": 0.0004862745309682541, 
        "filter_outliers_dict": {
            "filter_outliers": true, 
            "iterations": 1, 
            "std_devs": 2
        }, 
        "fit": "Linear", 
        "value": 0.04157032456302242
    }, 
    "Ar37": {
        "error": 0.01058366004077345, 
        "filter_outliers_dict": {
            "filter_outliers": true, 
            "iterations": 1, 
            "std_devs": 2
        }, 
        "fit": "linear", 
        "value": 0.04238510640402644
    }, 
    "Ar38": {
        "error": 0.004169966989497996, 
        "filter_outliers_dict": {
            "filter_outliers": true, 
            "iterations": 1, 
            "std_devs": 2
        }, 
        "fit": "linear", 
        "value": 0.0009357301819204655
    }, 
    "Ar39": {
        "error": 0.01166429521525521, 
        "filter_outliers_dict": {
            "filter_outliers": true, 
            "iterations": 1, 
            "std_devs": 2
        }, 
        "fit": "Linear", 
        "value": 0.6973020050838875
    }, 
    "Ar40": {
        "error": 0.010490750430953795, 
        "filter_outliers_dict": {
            "filter_outliers": true, 
            "iterations": 1, 
            "std_devs": 2
        }, 
        "fit": "Linear", 
        "value": 12.310732532732827
    }, 
    "Ar41": {
        "error": 0.0030848028233745636, 
        "filter_outliers_dict": {
            "filter_outliers": true, 
            "iterations": 1, 
            "std_devs": 2
        }, 
        "fit": "Average", 
        "value": -0.07334563194038042
    }
}