{
    "Ar36": {
        "error": 0.00021033753201264095, 
        "filter_outliers_dict": {
            "filter_outliers": true, 
            "iterations": 1, 
            "std_devs": 2
        }, 
        "fit": "Parabolic", 
        "value": 0.008688590509103648
    }, 
    "Ar37": {
        "error": 0.0049982174962454485, 
        "filter_outliers_dict": {
            "filter_outliers": true, 
            "iterations": 1, 
            "std_devs": 2
        }, 
        "fit": "linear", 
        "value": 0.0517543921584432
    }, 
    "Ar38": {
        "error": 0.002385538408233569, 
        "filter_outliers_dict": {
            "filter_outliers": true, 
            "iterations": 1, 
            "std_devs": 2
        }, 
        "fit": "linear", 
        "value": -0.013469558357751753
    }, 
    "Ar39": {
        "error": 0.008945014656998075, 
        "filter_outliers_dict": {
            "filter_outliers": true, 
            "iterations": 1, 
            "std_devs": 2
        }, 
        "fit": "Parabolic", 
        "value": 0.9810284552107404
    }, 
    "Ar40": {
        "error": 0.008318734489101533, 
        "filter_outliers_dict": {
            "filter_outliers": true, 
            "iterations": 1, 
            "std_devs": 2
        }, 
        "fit": "Parabolic", 
        "value": 2.4341372223898814
    }, 
    "Ar41": {
        "error": 0.0038957099450497414, 
        "filter_outliers_dict": {
            "filter_outliers": true, 
            "iterations": 1, 
            "std_devs": 2
        }, 
        "fit": "linear", 
        "value": -0.07252535954245004
    }
}