{
    "Ar36": {
        "error": 0.0004452194497734897, 
        "filter_outliers_dict": {
            "filter_outliers": true, 
            "iterations": 1, 
            "std_devs": 2
        }, 
        "fit": "Parabolic", 
        "value": 0.051052960260651016
    }, 
    "Ar37": {
        "error": 0.004918398717600928, 
        "filter_outliers_dict": {
            "filter_outliers": true, 
            "iterations": 1, 
            "std_devs": 2
        }, 
        "fit": "linear", 
        "value": 0.10570165828813055
    }, 
    "Ar38": {
        "error": 0.0023041975647216826, 
        "filter_outliers_dict": {
            "filter_outliers": true, 
            "iterations": 1, 
            "std_devs": 2
        }, 
        "fit": "linear", 
        "value": 0.08732902280411384
    }, 
    "Ar39": {
        "error": 0.010464569352796483, 
        "filter_outliers_dict": {
            "filter_outliers": true, 
            "iterations": 1, 
            "std_devs": 2
        }, 
        "fit": "Parabolic", 
        "value": 8.869020966987163
    }, 
    "Ar40": {
        "error": 0.009282885037681888, 
        "filter_outliers_dict": {
            "filter_outliers": true, 
            "iterations": 1, 
            "std_devs": 2
        }, 
        "fit": "Parabolic", 
        "value": 21.285232191513714
    }, 
    "Ar41": {
        "error": 0.0038576490272376933, 
        "filter_outliers_dict": {
            "filter_outliers": true, 
            "iterations": 1, 
            "std_devs": 2
        }, 
        "fit": "linear", 
        "value": -0.08258512396592754
    }
}