{
    "Ar36": {
        "error": 0.00025538870074049986, 
        "filter_outliers_dict": {
            "filter_outliers": true, 
            "iterations": 1, 
            "std_devs": 2
        }, 
        "fit": "Parabolic", 
        "value": 0.015334882134523518
    }, 
    "Ar37": {
        "error": 0.004698175009022761, 
        "filter_outliers_dict": {
            "filter_outliers": true, 
            "iterations": 1, 
            "std_devs": 2
        }, 
        "fit": "linear", 
        "value": 0.06941717153603165
    }, 
    "Ar38": {
        "error": 0.0021641853070017082, 
        "filter_outliers_dict": {
            "filter_outliers": true, 
            "iterations": 1, 
            "std_devs": 2
        }, 
        "fit": "linear", 
        "value": 0.12040080782282299
    }, 
    "Ar39": {
        "error": 0.010020413357728157, 
        "filter_outliers_dict": {
            "filter_outliers": true, 
            "iterations": 1, 
            "std_devs": 2
        }, 
        "fit": "Parabolic", 
        "value": 10.74302188718956
    }, 
    "Ar40": {
        "error": 0.017067872971348243, 
        "filter_outliers_dict": {
            "filter_outliers": true, 
            "iterations": 1, 
            "std_devs": 2
        }, 
        "fit": "Parabolic", 
        "value": 147.14381599838737
    }, 
    "Ar41": {
        "error": 0.0034805029235055653, 
        "filter_outliers_dict": {
            "filter_outliers": true, 
            "iterations": 1, 
            "std_devs": 2
        }, 
        "fit": "linear", 
        "value": -0.0637208773348554
    }
}