{
    "Ar36": {
        "error": 0.00018023395257249028, 
        "filter_outliers_dict": {
            "filter_outliers": true, 
            "iterations": 1, 
            "std_devs": 2
        }, 
        "fit": "Parabolic", 
        "value": 0.004772822525468392
    }, 
    "Ar37": {
        "error": 0.004842766320310346, 
        "filter_outliers_dict": {
            "filter_outliers": true, 
            "iterations": 1, 
            "std_devs": 2
        }, 
        "fit": "linear", 
        "value": 0.11729581681218443
    }, 
    "Ar38": {
        "error": 0.002692360148277597, 
        "filter_outliers_dict": {
            "filter_outliers": true, 
            "iterations": 1, 
            "std_devs": 2
        }, 
        "fit": "linear", 
        "value": 0.11749991609822286
    }, 
    "Ar39": {
        "error": 0.009575698453498207, 
        "filter_outliers_dict": {
            "filter_outliers": true, 
            "iterations": 1, 
            "std_devs": 2
        }, 
        "fit": "Parabolic", 
        "value": 10.738116349487074
    }, 
    "Ar40": {
        "error": 0.007826940615469832, 
        "filter_outliers_dict": {
            "filter_outliers": true, 
            "iterations": 1, 
            "std_devs": 2
        }, 
        "fit": "Parabolic", 
        "value": 7.265047869430235
    }, 
    "Ar41": {
        "error": 0.0037256421377590606, 
        "filter_outliers_dict": {
            "filter_outliers": true, 
            "iterations": 1, 
            "std_devs": 2
        }, 
        "fit": "linear", 
        "value": -0.0714309014310082
    }
}