{
    "Ar36": {
        "error": 0.00016367888293901867, 
        "filter_outliers_dict": {
            "filter_outliers": true, 
            "iterations": 1, 
            "std_devs": 2
        }, 
        "fit": "Parabolic", 
        "value": 0.004169709279894496
    }, 
    "Ar37": {
        "error": 0.004843870767195243, 
        "filter_outliers_dict": {
            "filter_outliers": true, 
            "iterations": 1, 
            "std_devs": 2
        }, 
        "fit": "linear", 
        "value": 0.06913241863394493
    }, 
    "Ar38": {
        "error": 0.0020569546994451617, 
        "filter_outliers_dict": {
            "filter_outliers": true, 
            "iterations": 1, 
            "std_devs": 2
        }, 
        "fit": "linear", 
        "value": 0.038475452465063946
    }, 
    "Ar39": {
        "error": 0.009238669773495672, 
        "filter_outliers_dict": {
            "filter_outliers": true, 
            "iterations": 1, 
            "std_devs": 2
        }, 
        "fit": "Parabolic", 
        "value": 4.622439522576179
    }, 
    "Ar40": {
        "error": 0.0078036466233445834, 
        "filter_outliers_dict": {
            "filter_outliers": true, 
            "iterations": 1, 
            "std_devs": 2
        }, 
        "fit": "Parabolic", 
        "value": 3.4909141801449906
    }, 
    "Ar41": {
        "error": 0.003606611324601444, 
        "filter_outliers_dict": {
            "filter_outliers": true, 
            "iterations": 1, 
            "std_devs": 2
        }, 
        "fit": "linear", 
        "value": -0.07342207523820789
    }
}