{
    "Ar36": {
        "error": 0.00016524699275600695, 
        "filter_outliers_dict": {
            "filter_outliers": true, 
            "iterations": 1, 
            "std_devs": 2
        }, 
        "fit": "Parabolic", 
        "value": 0.0044243055831715734
    }, 
    "Ar37": {
        "error": 0.0047403307214403155, 
        "filter_outliers_dict": {
            "filter_outliers": true, 
            "iterations": 1, 
            "std_devs": 2
        }, 
        "fit": "linear", 
        "value": 0.05718638971488573
    }, 
    "Ar38": {
        "error": 0.0024369864584817993, 
        "filter_outliers_dict": {
            "filter_outliers": true, 
            "iterations": 1, 
            "std_devs": 2
        }, 
        "fit": "linear", 
        "value": 0.013286003786939404
    }, 
    "Ar39": {
        "error": 0.009944995793683747, 
        "filter_outliers_dict": {
            "filter_outliers": true, 
            "iterations": 1, 
            "std_devs": 2
        }, 
        "fit": "Parabolic", 
        "value": 3.023141130694719
    }, 
    "Ar40": {
        "error": 0.007325322941237386, 
        "filter_outliers_dict": {
            "filter_outliers": true, 
            "iterations": 1, 
            "std_devs": 2
        }, 
        "fit": "Parabolic", 
        "value": 2.486430350058246
    }, 
    "Ar41": {
        "error": 0.003633886819165288, 
        "filter_outliers_dict": {
            "filter_outliers": true, 
            "iterations": 1, 
            "std_devs": 2
        }, 
        "fit": "linear", 
        "value": -0.07596417374364288
    }
}