{
    "Ar36": {
        "error": 0.00016842637948940968, 
        "filter_outliers_dict": {
            "filter_outliers": true, 
            "iterations": 1, 
            "std_devs": 2
        }, 
        "fit": "Parabolic", 
        "value": 0.004860454353474602
    }, 
    "Ar37": {
        "error": 0.004586778509507052, 
        "filter_outliers_dict": {
            "filter_outliers": true, 
            "iterations": 1, 
            "std_devs": 2
        }, 
        "fit": "linear", 
        "value": 0.07680496650941811
    }, 
    "Ar38": {
        "error": 0.0021351251834065606, 
        "filter_outliers_dict": {
            "filter_outliers": true, 
            "iterations": 1, 
            "std_devs": 2
        }, 
        "fit": "linear", 
        "value": 0.03165366082677357
    }, 
    "Ar39": {
        "error": 0.009272943874912447, 
        "filter_outliers_dict": {
            "filter_outliers": true, 
            "iterations": 1, 
            "std_devs": 2
        }, 
        "fit": "Parabolic", 
        "value": 4.559105867578875
    }, 
    "Ar40": {
        "error": 0.007352576144478233, 
        "filter_outliers_dict": {
            "filter_outliers": true, 
            "iterations": 1, 
            "std_devs": 2
        }, 
        "fit": "Parabolic", 
        "value": 4.057290827176958
    }, 
    "Ar41": {
        "error": 0.0035185048919021806, 
        "filter_outliers_dict": {
            "filter_outliers": true, 
            "iterations": 1, 
            "std_devs": 2
        }, 
        "fit": "linear", 
        "value": -0.07257316935296129
    }
}