{
    "Ar36": {
        "error": 0.0001709704086906675, 
        "filter_outliers_dict": {
            "filter_outliers": true, 
            "iterations": 1, 
            "std_devs": 2
        }, 
        "fit": "Parabolic", 
        "value": 0.005003342202926741
    }, 
    "Ar37": {
        "error": 0.005066715027978851, 
        "filter_outliers_dict": {
            "filter_outliers": true, 
            "iterations": 1, 
            "std_devs": 2
        }, 
        "fit": "linear", 
        "value": 0.10685762060139205
    }, 
    "Ar38": {
        "error": 0.002458009430434521, 
        "filter_outliers_dict": {
            "filter_outliers": true, 
            "iterations": 1, 
            "std_devs": 2
        }, 
        "fit": "linear", 
        "value": 0.16532754641571684
    }, 
    "Ar39": {
        "error": 0.009969540763173875, 
        "filter_outliers_dict": {
            "filter_outliers": true, 
            "iterations": 1, 
            "std_devs": 2
        }, 
        "fit": "Parabolic", 
        "value": 14.750721301184512
    }, 
    "Ar40": {
        "error": 0.009111368358520631, 
        "filter_outliers_dict": {
            "filter_outliers": true, 
            "iterations": 1, 
            "std_devs": 2
        }, 
        "fit": "Parabolic", 
        "value": 16.29626780067364
    }, 
    "Ar41": {
        "error": 0.0038327249938909114, 
        "filter_outliers_dict": {
            "filter_outliers": true, 
            "iterations": 1, 
            "std_devs": 2
        }, 
        "fit": "linear", 
        "value": -0.07059173226582373
    }
}