{
    "Ar36": {
        "error": 0.000257147643267046, 
        "filter_outliers_dict": {
            "filter_outliers": true, 
            "iterations": 1, 
            "std_devs": 2
        }, 
        "fit": "Linear", 
        "value": 0.007685357159535563
    }, 
    "Ar37": {
        "error": 0.009610091540416253, 
        "filter_outliers_dict": {
            "filter_outliers": true, 
            "iterations": 1, 
            "std_devs": 2
        }, 
        "fit": "linear", 
        "value": 0.04747757518307377
    }, 
    "Ar38": {
        "error": 0.005029642387733236, 
        "filter_outliers_dict": {
            "filter_outliers": true, 
            "iterations": 1, 
            "std_devs": 2
        }, 
        "fit": "linear", 
        "value": -0.004324981788483316
    }, 
    "Ar39": {
        "error": 0.012206019601002233, 
        "filter_outliers_dict": {
            "filter_outliers": true, 
            "iterations": 1, 
            "std_devs": 2
        }, 
        "fit": "Linear", 
        "value": 1.4912353934297522
    }, 
    "Ar40": {
        "error": 0.008016307728660953, 
        "filter_outliers_dict": {
            "filter_outliers": true, 
            "iterations": 1, 
            "std_devs": 2
        }, 
        "fit": "Linear", 
        "value": 2.888601012313789
    }, 
    "Ar41": {
        "error": 0.010124277473583531, 
        "filter_outliers_dict": {
            "filter_outliers": true, 
            "iterations": 1, 
            "std_devs": 2
        }, 
        "fit": "Average", 
        "value": -0.12496296120481884
    }
}