{
    "Ar36": {
        "error": 0.00027234205676921706, 
        "filter_outliers_dict": {
            "filter_outliers": true, 
            "iterations": 1, 
            "std_devs": 2
        }, 
        "fit": "Parabolic", 
        "value": 0.016403455811726354
    }, 
    "Ar37": {
        "error": 0.005138532054502115, 
        "filter_outliers_dict": {
            "filter_outliers": true, 
            "iterations": 1, 
            "std_devs": 2
        }, 
        "fit": "linear", 
        "value": 0.06371279246303337
    }, 
    "Ar38": {
        "error": 0.0022479345137907188, 
        "filter_outliers_dict": {
            "filter_outliers": true, 
            "iterations": 1, 
            "std_devs": 2
        }, 
        "fit": "linear", 
        "value": 0.01853747070562934
    }, 
    "Ar39": {
        "error": 0.009211850338501502, 
        "filter_outliers_dict": {
            "filter_outliers": true, 
            "iterations": 1, 
            "std_devs": 2
        }, 
        "fit": "Parabolic", 
        "value": 3.3372040810706807
    }, 
    "Ar40": {
        "error": 0.008949486598191855, 
        "filter_outliers_dict": {
            "filter_outliers": true, 
            "iterations": 1, 
            "std_devs": 2
        }, 
        "fit": "Parabolic", 
        "value": 15.571615407580857
    }, 
    "Ar41": {
        "error": 0.0034408683307425685, 
        "filter_outliers_dict": {
            "filter_outliers": true, 
            "iterations": 1, 
            "std_devs": 2
        }, 
        "fit": "linear", 
        "value": -0.07569452368420315
    }
}