{
    "Ar36": {
        "error": 0.00020452651319213287, 
        "filter_outliers_dict": {
            "filter_outliers": true, 
            "iterations": 1, 
            "std_devs": 2
        }, 
        "fit": "Parabolic", 
        "value": 0.007483789462996882
    }, 
    "Ar37": {
        "error": 0.004532157058478077, 
        "filter_outliers_dict": {
            "filter_outliers": true, 
            "iterations": 1, 
            "std_devs": 2
        }, 
        "fit": "linear", 
        "value": 0.046372200880828274
    }, 
    "Ar38": {
        "error": 0.0021832485180399083, 
        "filter_outliers_dict": {
            "filter_outliers": true, 
            "iterations": 1, 
            "std_devs": 2
        }, 
        "fit": "linear", 
        "value": 0.012936275539557177
    }, 
    "Ar39": {
        "error": 0.009269061602485158, 
        "filter_outliers_dict": {
            "filter_outliers": true, 
            "iterations": 1, 
            "std_devs": 2
        }, 
        "fit": "Parabolic", 
        "value": 3.4314886535798372
    }, 
    "Ar40": {
        "error": 0.009030122578370813, 
        "filter_outliers_dict": {
            "filter_outliers": true, 
            "iterations": 1, 
            "std_devs": 2
        }, 
        "fit": "Parabolic", 
        "value": 13.773391086652946
    }, 
    "Ar41": {
        "error": 0.011563953748328835, 
        "filter_outliers_dict": {
            "filter_outliers": true, 
            "iterations": 1, 
            "std_devs": 2
        }, 
        "fit": "linear", 
        "value": -0.1285647684063971
    }
}