{
    "Ar36": {
        "error": 0.00016309180249197522, 
        "filter_outliers_dict": {
            "filter_outliers": true, 
            "iterations": 1, 
            "std_devs": 2
        }, 
        "fit": "Parabolic", 
        "value": 0.005304724845081384
    }, 
    "Ar37": {
        "error": 0.00489507782756587, 
        "filter_outliers_dict": {
            "filter_outliers": true, 
            "iterations": 1, 
            "std_devs": 2
        }, 
        "fit": "linear", 
        "value": 0.057586571516010716
    }, 
    "Ar38": {
        "error": 0.002123816792414957, 
        "filter_outliers_dict": {
            "filter_outliers": true, 
            "iterations": 1, 
            "std_devs": 2
        }, 
        "fit": "linear", 
        "value": 0.00641996939307095
    }, 
    "Ar39": {
        "error": 0.009823273452791726, 
        "filter_outliers_dict": {
            "filter_outliers": true, 
            "iterations": 1, 
            "std_devs": 2
        }, 
        "fit": "Parabolic", 
        "value": 2.3694668758624293
    }, 
    "Ar40": {
        "error": 0.0070559856511156266, 
        "filter_outliers_dict": {
            "filter_outliers": true, 
            "iterations": 1, 
            "std_devs": 2
        }, 
        "fit": "Parabolic", 
        "value": 3.1086712686154767
    }, 
    "Ar41": {
        "error": 0.0035800225598197504, 
        "filter_outliers_dict": {
            "filter_outliers": true, 
            "iterations": 1, 
            "std_devs": 2
        }, 
        "fit": "linear", 
        "value": -0.058643570166837675
    }
}