{
    "Ar36": {
        "error": 0.00016654926199843875, 
        "filter_outliers_dict": {
            "filter_outliers": true, 
            "iterations": 1, 
            "std_devs": 2
        }, 
        "fit": "Parabolic", 
        "value": 0.004207578109836396
    }, 
    "Ar37": {
        "error": 0.005000463623012096, 
        "filter_outliers_dict": {
            "filter_outliers": true, 
            "iterations": 1, 
            "std_devs": 2
        }, 
        "fit": "linear", 
        "value": 0.035083192466931735
    }, 
    "Ar38": {
        "error": 0.0022971433835773797, 
        "filter_outliers_dict": {
            "filter_outliers": true, 
            "iterations": 1, 
            "std_devs": 2
        }, 
        "fit": "linear", 
        "value": -0.0026525827820001475
    }, 
    "Ar39": {
        "error": 0.009006032651170516, 
        "filter_outliers_dict": {
            "filter_outliers": true, 
            "iterations": 1, 
            "std_devs": 2
        }, 
        "fit": "Parabolic", 
        "value": 2.2310022107559155
    }, 
    "Ar40": {
        "error": 0.0073847815014637715, 
        "filter_outliers_dict": {
            "filter_outliers": true, 
            "iterations": 1, 
            "std_devs": 2
        }, 
        "fit": "Parabolic", 
        "value": 2.776494944828187
    }, 
    "Ar41": {
        "error": 0.01192248929508034, 
        "filter_outliers_dict": {
            "filter_outliers": true, 
            "iterations": 1, 
            "std_devs": 2
        }, 
        "fit": "linear", 
        "value": -0.13979185277705952
    }
}